LEVEL1,LEVEL2,LEVEL3,TOOLTIP,SOURCE,SOURCE URL,2012,2013,2014,2015,LEVEL
Community Dev Block Grant,Community Development,Capital Project Expense,,,,719321,910638,512660,662000,3
Community Dev Block Grant,Community Development,Direct Expenses,,,,123000,170500,171077,191283,3
Community Dev Block Grant,Community Development,Employee Benefits,,,,,"205,311.29",192159,220579,3
Community Dev Block Grant,Community Development,Interfund Transfers In/Out,,,,270000,216593,226649,169938,3
Community Dev Block Grant,Community Development,Miscellaneous,,,,115000,222000,375000,120000,3
Community Dev Block Grant,Community Development,Other Expense,,,,1555005,774667,1280588,1666560,3
Community Dev Block Grant,Community Development,Salaries and Wages,,,,,"689,138.81",612927,623469,3
Community Dev Block Grant,Community Development Total,,,,,2782326,"3,188,848.1",3371060,3653829,2
Community Dev Block Grant Total,,,,,,2782326,"3,188,848.1",3371060,3653829,1
Conv Ctr Financing Fd-Spec Rev,Finance Administration,Capital Project Expense,,,,,,,,3
Conv Ctr Financing Fd-Spec Rev,Finance Administration,Direct Expenses,,,,,,,4100000,3
Conv Ctr Financing Fd-Spec Rev,Finance Administration,Interfund Transfers In/Out,,,,14301000,4933455,5743018,6292000,3
Conv Ctr Financing Fd-Spec Rev,Finance Administration Total,,,,,14301000,4933455,5743018,10392000,2
Conv Ctr Financing Fd-Spec Rev,Treasury Office,Capital Project Expense,,,,,626375,1466142,,3
Conv Ctr Financing Fd-Spec Rev,Treasury Office,Direct Expenses,,,,,450000,450000,450000,3
Conv Ctr Financing Fd-Spec Rev,Treasury Office,Interfund Transfers In/Out,,,,,11153370,11188570,18476000,3
Conv Ctr Financing Fd-Spec Rev,Treasury Office Total,,,,,,12229745,13104712,18926000,2
Conv Ctr Financing Fd-Spec Rev Total,,,,,,14301000,17163200,18847730,29318000,1
E 911 State Tax Fund-Operating,Emergency Communications,Capital Equipment,,,,27000,27000,28400,28400,3
E 911 State Tax Fund-Operating,Emergency Communications,Direct Expenses,,,,1900016,1965151,1972151,2059718,3
E 911 State Tax Fund-Operating,Emergency Communications,Employee Benefits,,,,"100,671.62","134,513.84","265,376.74","110,652.04",3
E 911 State Tax Fund-Operating,Emergency Communications,Miscellaneous,,,,20080,20080,31510,35310,3
E 911 State Tax Fund-Operating,Emergency Communications,Other Expense,,,,,900,900,900,3
E 911 State Tax Fund-Operating,Emergency Communications,Salaries and Wages,,,,"350,464.77","341,544.45","382,827.99","399,893.97",3
E 911 State Tax Fund-Operating,Emergency Communications Total,,,,,"2,398,232.39","2,489,189.29","2,681,165.73","2,634,874.01",2
E 911 State Tax Fund-Operating Total,,,,,,"2,398,232.39","2,489,189.29","2,681,165.73","2,634,874.01",1
Economic Development Fund,Budget & Management Services,Direct Expenses,,,,,68053,2500,2500,3
Economic Development Fund,Budget & Management Services,Interfund Transfers In/Out,,,,,,,27500,3
Economic Development Fund,Budget & Management Services Total,,,,,,68053,2500,30000,2
Economic Development Fund,City Manager,Direct Expenses,,,,,5000,1000,,3
Economic Development Fund,City Manager Total,,,,,,5000,1000,,2
Economic Development Fund,Economic Development,Direct Expenses,,,,1820670,,,,3
Economic Development Fund,Economic Development,Other Expense,,,,310799,,,,3
Economic Development Fund,Economic Development Total,,,,,2131469,,,,2
Economic Development Fund,Finance Administration,Direct Expenses,,,,,900000,395650,500000,3
Economic Development Fund,Finance Administration Total,,,,,,900000,395650,500000,2
Economic Development Fund,Information Technology Admin,Direct Expenses,,,,,162000,152000,,3
Economic Development Fund,Information Technology Admin,Other Expense,,,,,207000,207000,,3
Economic Development Fund,Information Technology Admin Total,,,,,,369000,359000,,2
Economic Development Fund,Office of Economic Development,Direct Expenses,,,,,,,869450,3
Economic Development Fund,Office of Economic Development,Other Expense,,,,,,,536500,3
Economic Development Fund,Office of Economic Development Total,,,,,,,,1405950,2
Economic Development Fund,Planning,Direct Expenses,,,,,684450,759450,,3
Economic Development Fund,Planning,Other Expense,,,,,103799,104162,,3
Economic Development Fund,Planning Total,,,,,,788249,863612,,2
Economic Development Fund Total,,,,,,2131469,2130302,1621762,1935950,1
Emergency Shelter Grant,Community Development,Other Expense,,,,108680,195403,178932,217085,3
Emergency Shelter Grant,Community Development Total,,,,,108680,195403,178932,217085,2
Emergency Shelter Grant Total,,,,,,108680,195403,178932,217085,1
General Debt Service Fund,Non-Departmental,Direct Expenses,,,,,,,,3
General Debt Service Fund,Non-Departmental Total,,,,,,,,,2
General Debt Service Fund,Treasury Office,Capital Project Expense,,,,46108035,51408546,51415404,57547300,3
General Debt Service Fund,Treasury Office,Direct Expenses,,,,1606099,1285000,1285000,1285000,3
General Debt Service Fund,Treasury Office Total,,,,,47714134,52693546,52700404,58832300,2
General Debt Service Fund Total,,,,,,47714134,52693546,52700404,58832300,1
General Fund,Accounting & Fin Reporting,Capital Equipment,,,,,,4000,2000,3
General Fund,Accounting & Fin Reporting,Direct Expenses,,,,195977,206717,224705,159900,3
General Fund,Accounting & Fin Reporting,Employee Benefits,,,,"314,299.99","294,677.27","343,469.03","371,978.81",3
General Fund,Accounting & Fin Reporting,Miscellaneous,,,,10290,21517,33017,30700,3
General Fund,Accounting & Fin Reporting,Salaries and Wages,,,,"1,141,065.17","1,132,138.69","1,279,019.73","1,298,826.63",3
General Fund,Accounting & Fin Reporting Total,,,,,"1,661,632.16","1,655,049.96","1,884,210.76","1,863,405.44",2
General Fund,Arts Appropriations,Other Expense,,,,3469179,2052760,2343183,2317093,3
General Fund,Arts Appropriations Total,,,,,3469179,2052760,2343183,2317093,2
General Fund,Budget & Management Services,Direct Expenses,,,,44969,24955,38366,110195,3
General Fund,Budget & Management Services,Employee Benefits,,,,"236,970.72","249,045.14","334,752.01","344,544.15",3
General Fund,Budget & Management Services,Miscellaneous,,,,9000,17090,18300,38350,3
General Fund,Budget & Management Services,Other Expense,,,,8119,6733,"10,708.25",,3
General Fund,Budget & Management Services,Salaries and Wages,,,,"1,017,643.09","1,098,798.65","1,305,969.67","1,333,513.93",3
General Fund,Budget & Management Services Total,,,,,"1,316,701.81","1,396,621.79","1,708,095.93","1,826,603.08",2
General Fund,City Attorney,Capital Equipment,,,,2000,2000,2000,2000,3
General Fund,City Attorney,Capital Project Expense,,,,,,,,3
General Fund,City Attorney,Direct Expenses,,,,163552,"150,578.18","148,198.25","204,677.36",3
General Fund,City Attorney,Employee Benefits,,,,455794,"489,510.48","527,123.44","535,753.11",3
General Fund,City Attorney,Miscellaneous,,,,85800,"99,751.13",99751,109600,3
General Fund,City Attorney,Other Expense,,,,13900,11614,18637,,3
General Fund,City Attorney,Salaries and Wages,,,,"1,753,132.18","1,853,173.18","2,034,085.99","2,135,044.56",3
General Fund,City Attorney Total,,,,,"2,474,178.18","2,606,626.97","2,829,795.68","2,987,075.03",2
General Fund,City Clerk,Capital Equipment,,,,2000,2000,2000,2000,3
General Fund,City Clerk,Direct Expenses,,,,98765,88785,90122,66828,3
General Fund,City Clerk,Employee Benefits,,,,"89,184.73","79,646.51","82,793.71","86,855.57",3
General Fund,City Clerk,Miscellaneous,,,,39220,43596,43535,46835,3
General Fund,City Clerk,Other Expense,,,,2742,2108,3394,,3
General Fund,City Clerk,Salaries and Wages,,,,"328,015.56","321,202.74","332,653.97","331,880.63",3
General Fund,City Clerk Total,,,,,"559,927.29","537,338.25","554,498.68","534,399.2",2
General Fund,City Council,Capital Equipment,,,,1500,2500,2500,2500,3
General Fund,City Council,Direct Expenses,,,,"21,324.01",20544,19998,33893,3
General Fund,City Council,Employee Benefits,,,,"7,674.84","48,757.23","69,684.75","51,550.69",3
General Fund,City Council,Miscellaneous,,,,33540,56730,62830,67100,3
General Fund,City Council,Other Expense,,,,740,672,1931,,3
General Fund,City Council,Salaries and Wages,,,,103441,143441,119441,127441,3
General Fund,City Council Total,,,,,"168,219.85","272,644.23","276,384.75","282,484.69",2
General Fund,City Manager,Direct Expenses,,,,84755,77201,462512,271229,3
General Fund,City Manager,Employee Benefits,,,,"453,614.66","411,903.88","428,365.45","364,710.52",3
General Fund,City Manager,Miscellaneous,,,,161261,165299,246149,238050,3
General Fund,City Manager,Other Expense,,,,14474,10732,16218,,3
General Fund,City Manager,Salaries and Wages,,,,"1,709,681.86","1,577,410.89","1,688,675.07","1,425,381.46",3
General Fund,City Manager Total,,,,,"2,423,786.52","2,242,546.77","2,841,919.52","2,299,370.98",2
General Fund,Community Svcs,Direct Expenses,,,,"181,674.55","170,154.79","187,572.5",235804,3
General Fund,Community Svcs,Employee Benefits,,,,"232,885.07","246,658.77","264,264.14","268,406.6",3
General Fund,Community Svcs,Interfund Transfers In/Out,,,,,,,,3
General Fund,Community Svcs,Miscellaneous,,,,11403,9226,19226,30226,3
General Fund,Community Svcs,Other Expense,,,,209886,207191,240647,174393,3
General Fund,Community Svcs,Salaries and Wages,,,,"1,106,150.53","1,160,051.02","1,170,851.62","1,165,892.75",3
General Fund,Community Svcs Total,,,,,"1,741,999.15","1,793,281.58","1,882,561.26","1,874,722.35",2
General Fund,Construction Mgmt,Capital Equipment,,,,2500,2500,2500,2500,3
General Fund,Construction Mgmt,Direct Expenses,,,,186252,114369,101832,94242,3
General Fund,Construction Mgmt,Employee Benefits,,,,"259,757.51","255,002.37","260,570.01","264,917.81",3
General Fund,Construction Mgmt,Miscellaneous,,,,23700,24773,24573,21800,3
General Fund,Construction Mgmt,Other Expense,,,,42515,30780,36490,,3
General Fund,Construction Mgmt,Salaries and Wages,,,,"942,828.6","953,586.51","938,489.99","940,473.05",3
General Fund,Construction Mgmt Total,,,,,"1,457,553.11","1,381,010.88",1364455,"1,323,932.86",2
General Fund,Development Services,Capital Project Expense,,,,,,,,3
General Fund,Development Services,Direct Expenses,,,,215635,231891,"357,207.17",322681,3
General Fund,Development Services,Employee Benefits,,,,"727,652.99","561,682.06","652,681.09","688,330.42",3
General Fund,Development Services,Miscellaneous,,,,5400,13000,17950,35916,3
General Fund,Development Services,Other Expense,,,,14273,16457,21443,,3
General Fund,Development Services,Salaries and Wages,,,,"2,500,967.8","2,001,385.37","2,313,481.73","2,384,850.58",3
General Fund,Development Services Total,,,,,"3,463,928.79","2,824,415.43","3,362,762.99",3431778,2
General Fund,Emergency Communications,Capital Equipment,,,,5506,5506,5506,5506,3
General Fund,Emergency Communications,Direct Expenses,,,,554024,487408,481578,485575,3
General Fund,Emergency Communications,Employee Benefits,,,,"1,423,744.04","1,560,648.79","1,621,691.91","1,863,059.43",3
General Fund,Emergency Communications,Miscellaneous,,,,46975,42225,40660,40860,3
General Fund,Emergency Communications,Other Expense,,,,44134,31578,56089,,3
General Fund,Emergency Communications,Salaries and Wages,,,,"4,845,343.4","5,153,068.94","5,381,852.6","5,567,569.57",3
General Fund,Emergency Communications Total,,,,,"6,919,726.44","7,280,434.73","7,587,377.51",7962570,2
General Fund,Finance Administration,Capital Equipment,,,,,,6000,,3
General Fund,Finance Administration,Direct Expenses,,,,24696,20185,64932,10100,3
General Fund,Finance Administration,Employee Benefits,,,,"69,933.73","70,740.42","70,957.36","74,878.26",3
General Fund,Finance Administration,Miscellaneous,,,,13350,16412,66112,95600,3
General Fund,Finance Administration,Other Expense,,,,31358,24750,39163,,3
General Fund,Finance Administration,Salaries and Wages,,,,"321,187.66","327,215.85","334,016.91","341,226.77",3
General Fund,Finance Administration Total,,,,,"460,525.39","459,303.27","581,181.27","521,805.03",2
General Fund,Finance Internal Audit Office,Direct Expenses,,,,"38,417.65",33004,32857,,3
General Fund,Finance Internal Audit Office,Employee Benefits,,,,"57,317.73","56,796.12","60,748.62",,3
General Fund,Finance Internal Audit Office,Miscellaneous,,,,1275,4323,10323,,3
General Fund,Finance Internal Audit Office,Salaries and Wages,,,,"207,693.52","207,835.85","225,596.38",,3
General Fund,Finance Internal Audit Office Total,,,,,"304,703.9","301,958.97",329525,,2
General Fund,Fire Adm,Capital Equipment,,,,,,,87800,3
General Fund,Fire Adm,Direct Expenses,,,,72870,82704,99530,510035,3
General Fund,Fire Adm,Employee Benefits,,,,"158,886.61","166,297.74",203411,"193,798.33",3
General Fund,Fire Adm,Miscellaneous,,,,864,10364,18062,28685,3
General Fund,Fire Adm,Other Expense,,,,1312772,1138155,1218102,1025175,3
General Fund,Fire Adm,Salaries and Wages,,,,"590,478.43","612,855.9","742,770.39","711,246.91",3
General Fund,Fire Adm Total,,,,,"2,135,871.04","2,010,376.64","2,281,875.39","2,556,740.24",2
General Fund,Fire Operations,Direct Expenses,,,,1459895,1236392,1386021,1133692,3
General Fund,Fire Operations,Employee Benefits,,,,"9,134,494.13","9,464,343.85","9,405,648.4","9,474,051.67",3
General Fund,Fire Operations,Miscellaneous,,,,31270,31270,32340,50940,3
General Fund,Fire Operations,Salaries and Wages,,,,"29,623,478.37","29,991,722.07","30,228,413.88","31,441,375.51",3
General Fund,Fire Operations Total,,,,,"40,249,137.5","40,723,727.92","41,052,423.28","42,100,059.18",2
General Fund,Fire Support Svcs,Direct Expenses,,,,2466464,2750492,2873455,3532237,3
General Fund,Fire Support Svcs,Employee Benefits,,,,"168,778.74","167,085.94","168,707.65","198,193.54",3
General Fund,Fire Support Svcs,Interfund Transfers In/Out,,,,58000,69262,95692,96892,3
General Fund,Fire Support Svcs,Miscellaneous,,,,7040,7040,7290,7310,3
General Fund,Fire Support Svcs,Salaries and Wages,,,,"632,428.57","640,796.3","619,536.38","698,082.79",3
General Fund,Fire Support Svcs Total,,,,,"3,332,711.31","3,634,676.24","3,764,681.03","4,532,715.33",2
General Fund,Fire Training,Capital Equipment,,,,16000,18500,18500,20000,3
General Fund,Fire Training,Direct Expenses,,,,351230,407170,412324,455303,3
General Fund,Fire Training,Employee Benefits,,,,"135,513.78","138,321.16","136,346.68","172,717.48",3
General Fund,Fire Training,Miscellaneous,,,,34569,36569,38869,33869,3
General Fund,Fire Training,Salaries and Wages,,,,"451,617.7","452,376.34","460,808.57","635,966.82",3
General Fund,Fire Training Total,,,,,"988,930.48","1,052,936.5","1,066,848.25","1,317,856.3",2
General Fund,Fire-Hazmat Operations,Direct Expenses,,,,63975,71475,73350,73322,3
General Fund,Fire-Hazmat Operations,Employee Benefits,,,,"20,537.59","20,041.87","20,708.92",,3
General Fund,Fire-Hazmat Operations,Miscellaneous,,,,9245,9245,9270,10970,3
General Fund,Fire-Hazmat Operations,Salaries and Wages,,,,"90,138.59","91,408.25","92,968.78",,3
General Fund,Fire-Hazmat Operations Total,,,,,"183,896.18","192,170.12","196,297.7",84292,2
General Fund,Housing & Neighborhoods Dept,Employee Benefits,,,,,,,,3
General Fund,Housing & Neighborhoods Dept,Salaries and Wages,,,,,,,,3
General Fund,Housing & Neighborhoods Dept Total,,,,,,,,,2
General Fund,Human Resources,Direct Expenses,,,,364338,470693,562810,"682,019.82",3
General Fund,Human Resources,Employee Benefits,,,,"458,431.45","475,424.31","525,964.17","590,079.56",3
General Fund,Human Resources,Miscellaneous,,,,286010,296324,456465,"442,496.68",3
General Fund,Human Resources,Other Expense,,,,19736,15763,23517,4000,3
General Fund,Human Resources,Salaries and Wages,,,,"1,763,031.1","1,805,517.18","1,953,621.83","2,065,171.47",3
General Fund,Human Resources Total,,,,,"2,891,546.55","3,063,721.49",3522378,"3,783,767.53",2
General Fund,Human Service Agencies,Other Expense,,,,,1221850,1227061,1542644,3
General Fund,Human Service Agencies Total,,,,,,1221850,1227061,1542644,2
General Fund,Information Technology Admin,Direct Expenses,,,,1307719,347949,295220,278533,3
General Fund,Information Technology Admin,Employee Benefits,,,,"247,503.88","135,141.69","140,237.35","161,841.15",3
General Fund,Information Technology Admin,Miscellaneous,,,,292490,,,175,3
General Fund,Information Technology Admin,Other Expense,,,,49665,,,1,3
General Fund,Information Technology Admin,Salaries and Wages,,,,"1,068,986.08","674,728.83","641,641.92","708,491.8",3
General Fund,Information Technology Admin Total,,,,,"2,966,363.96","1,157,819.52","1,077,099.27","1,149,041.95",2
General Fund,Inspections,Capital Equipment,,,,2500,1000,9000,6600,3
General Fund,Inspections,Direct Expenses,,,,903443,853977,886174,492728,3
General Fund,Inspections,Employee Benefits,,,,"1,606,041.74","1,508,145.28","1,408,710.69","974,110.1",3
General Fund,Inspections,Miscellaneous,,,,60500,65700,71500,27250,3
General Fund,Inspections,Other Expense,,,,46926,36304,65867,98710,3
General Fund,Inspections,Salaries and Wages,,,,"5,434,891.04","5,276,258.14","4,871,246.74","3,572,930.07",3
General Fund,Inspections Total,,,,,"8,054,301.78","7,741,384.42","7,312,498.43","5,172,328.17",2
General Fund,Internal Audit Office,Direct Expenses,,,,,,,107807,3
General Fund,Internal Audit Office,Employee Benefits,,,,,,,"84,652.4",3
General Fund,Internal Audit Office,Miscellaneous,,,,,,,13823,3
General Fund,Internal Audit Office,Salaries and Wages,,,,,,,"310,621.37",3
General Fund,Internal Audit Office Total,,,,,,,,"516,903.77",2
General Fund,IT Application Support,Direct Expenses,,,,2974354,2172279,2270879,1946019,3
General Fund,IT Application Support,Employee Benefits,,,,"621,464.2","579,699.19","590,126.21","562,438.74",3
General Fund,IT Application Support,Salaries and Wages,,,,"2,237,193.3","2,134,113.02","2,150,950.45","2,014,782.43",3
General Fund,IT Application Support Total,,,,,"5,833,011.5","4,886,091.21","5,011,955.66","4,523,240.17",2
General Fund,IT Customer Relationship Mgt,Direct Expenses,,,,536092,1354177,1335377,1242549,3
General Fund,IT Customer Relationship Mgt,Employee Benefits,,,,"196,814.06","201,242.36","193,391.76","184,268.62",3
General Fund,IT Customer Relationship Mgt,Miscellaneous,,,,,10000,10000,4200,3
General Fund,IT Customer Relationship Mgt,Salaries and Wages,,,,"704,881.99",696387,"665,816.07","614,716.55",3
General Fund,IT Customer Relationship Mgt Total,,,,,"1,437,788.05","2,261,806.36","2,204,584.83","2,045,734.17",2
General Fund,IT Enterprise Infrastructure M,Direct Expenses,,,,2976270,3696707,4483807,5033884,3
General Fund,IT Enterprise Infrastructure M,Employee Benefits,,,,"378,325.03","472,604.59","489,351.91","504,107.02",3
General Fund,IT Enterprise Infrastructure M,Salaries and Wages,,,,"1,358,183.64","1,748,367.05","1,709,976.49","1,666,710.92",3
General Fund,IT Enterprise Infrastructure M Total,,,,,"4,712,778.67","5,917,678.64","6,683,135.4","7,204,701.94",2
General Fund,IT Strategy & Planning,Direct Expenses,,,,551600,1061008,996500,949245,3
General Fund,IT Strategy & Planning,Employee Benefits,,,,"94,776.62","152,006.4","158,557.7","226,504.99",3
General Fund,IT Strategy & Planning,Miscellaneous,,,,,272464,283655,312250,3
General Fund,IT Strategy & Planning,Other Expense,,,,,37582,70890,,3
General Fund,IT Strategy & Planning,Salaries and Wages,,,,"354,021.76","592,943.71","594,303.5","872,272.07",3
General Fund,IT Strategy & Planning Total,,,,,"1,000,398.38","2,116,004.11","2,103,906.2","2,360,272.06",2
General Fund,Neighborhood Code Enforcement,Capital Equipment,,,,,,,3600,3
General Fund,Neighborhood Code Enforcement,Direct Expenses,,,,,,,378605,3
General Fund,Neighborhood Code Enforcement,Employee Benefits,,,,,,,"508,148.49",3
General Fund,Neighborhood Code Enforcement,Miscellaneous,,,,,,,40000,3
General Fund,Neighborhood Code Enforcement,Salaries and Wages,,,,,,,"1,619,233.96",3
General Fund,Neighborhood Code Enforcement Total,,,,,,,,"2,549,587.45",2
General Fund,Office of Economic Development,Direct Expenses,,,,,,,28282,3
General Fund,Office of Economic Development,Employee Benefits,,,,,,,"111,278.07",3
General Fund,Office of Economic Development,Miscellaneous,,,,,,,31865,3
General Fund,Office of Economic Development,Salaries and Wages,,,,,,,"446,813.09",3
General Fund,Office of Economic Development Total,,,,,,,,"618,238.16",2
General Fund,Office of Emerg Mgmt & Spec Ev,Capital Equipment,,,,,,,,3
General Fund,Office of Emerg Mgmt & Spec Ev,Direct Expenses,,,,,,,34667,3
General Fund,Office of Emerg Mgmt & Spec Ev,Employee Benefits,,,,,,,"45,121.11",3
General Fund,Office of Emerg Mgmt & Spec Ev,Miscellaneous,,,,,,,3400,3
General Fund,Office of Emerg Mgmt & Spec Ev,Salaries and Wages,,,,,,,"136,267.19",3
General Fund,Office of Emerg Mgmt & Spec Ev Total,,,,,,,,"219,455.3",2
General Fund,Office of Sustainability,Direct Expenses,,,,,,,92083,3
General Fund,Office of Sustainability,Employee Benefits,,,,,,,"101,775.57",3
General Fund,Office of Sustainability,Miscellaneous,,,,,,,16800,3
General Fund,Office of Sustainability,Salaries and Wages,,,,,,,"447,763.92",3
General Fund,Office of Sustainability Total,,,,,,,,"658,422.49",2
General Fund,Office of the Fire Marshall,Capital Equipment,,,,,15000,,,3
General Fund,Office of the Fire Marshall,Direct Expenses,,,,238312,245065,260674,279199,3
General Fund,Office of the Fire Marshall,Employee Benefits,,,,"560,865.69","568,086.66","593,934.82","663,679.63",3
General Fund,Office of the Fire Marshall,Miscellaneous,,,,28630,32662,46402,47437,3
General Fund,Office of the Fire Marshall,Salaries and Wages,,,,"1,933,353.69","2,008,836.43","2,131,171.32","2,308,364.05",3
General Fund,Office of the Fire Marshall Total,,,,,"2,761,161.38","2,869,650.09","3,032,182.14","3,298,679.68",2
General Fund,Other Agencies w COR Support,Other Expense,,,,,300850,300850,,3
General Fund,Other Agencies w COR Support Total,,,,,,300850,300850,,2
General Fund,Payroll,Direct Expenses,,,,37016,34039,33216,22000,3
General Fund,Payroll,Employee Benefits,,,,"124,633.89","119,726.58","82,661.75","90,141.27",3
General Fund,Payroll,Miscellaneous,,,,2000,2262,5262,6000,3
General Fund,Payroll,Salaries and Wages,,,,"493,112.46","499,291.12","356,714.51","363,979.17",3
General Fund,Payroll Total,,,,,"656,762.35","655,318.7","477,854.26","482,120.44",2
General Fund,Planning,Capital Equipment,,,,,,400,400,3
General Fund,Planning,Capital Project Expense,,,,,,,,3
General Fund,Planning,Direct Expenses,,,,456720,481017,449104,556335,3
General Fund,Planning,Employee Benefits,,,,"837,285.5","996,475.3","1,124,142.15","991,909.58",3
General Fund,Planning,Interfund Transfers In/Out,,,,,,,231431,3
General Fund,Planning,Miscellaneous,,,,65598,57900,102065,152159,3
General Fund,Planning,Other Expense,,,,261395,229825,258974,3000,3
General Fund,Planning,Salaries and Wages,,,,"3,101,634.56","3,732,475.27","4,013,857.48","3,558,473.99",3
General Fund,Planning Total,,,,,"4,722,633.06","5,497,692.57","5,948,542.63","5,493,708.57",2
General Fund,Police Administrative Services,Capital Equipment,,,,558500,558500,608500,2131000,3
General Fund,Police Administrative Services,Direct Expenses,,,,7934862,7199344,7172083,"7,283,404.5",3
General Fund,Police Administrative Services,Employee Benefits,,,,"1,311,631.86","3,844,930.38","4,797,032.69","4,186,750.33",3
General Fund,Police Administrative Services,Interfund Transfers In/Out,,,,9150,19598,19598,19598,3
General Fund,Police Administrative Services,Miscellaneous,,,,235500,250552,160052,290952,3
General Fund,Police Administrative Services,Other Expense,,,,1607784,1593994,2290036,2242671,3
General Fund,Police Administrative Services,Salaries and Wages,,,,"4,147,439.85","3,669,652.3","3,604,709.03","3,812,054.7",3
General Fund,Police Administrative Services Total,,,,,"15,804,867.71","17,136,570.68","18,652,010.72","19,966,430.53",2
General Fund,Police Chiefs Office,Capital Equipment,,,,3000,3000,3000,3000,3
General Fund,Police Chiefs Office,Direct Expenses,,,,61277,59575,82306,95350,3
General Fund,Police Chiefs Office,Employee Benefits,,,,"592,611.19","512,940.58","528,485.97","583,422.3",3
General Fund,Police Chiefs Office,Miscellaneous,,,,19500,19500,37000,40000,3
General Fund,Police Chiefs Office,Salaries and Wages,,,,"1,919,157.14","1,845,722.44","1,834,978.85","2,006,270.01",3
General Fund,Police Chiefs Office Total,,,,,"2,595,545.33","2,440,738.02","2,485,770.82","2,728,042.31",2
General Fund,Police Detective Division,Capital Equipment,,,,3930,3930,17930,17930,3
General Fund,Police Detective Division,Direct Expenses,,,,927620,1014926,1035699,1007380,3
General Fund,Police Detective Division,Employee Benefits,,,,"4,657,905.04","4,290,328.34","4,303,153.39","4,302,358.44",3
General Fund,Police Detective Division,Miscellaneous,,,,20500,20500,53500,53500,3
General Fund,Police Detective Division,Salaries and Wages,,,,"13,184,666.54","13,421,858.19","13,405,607.42","13,540,388.26",3
General Fund,Police Detective Division Total,,,,,"18,794,621.58","18,751,542.53","18,815,889.81","18,921,556.7",2
General Fund,Police Field Operations,Capital Equipment,,,,300000,300000,250000,90000,3
General Fund,Police Field Operations,Direct Expenses,,,,3486209,3767116,3452476,3751957,3
General Fund,Police Field Operations,Employee Benefits,,,,"10,204,130.98","9,206,441.28","9,462,640.07","9,483,571.7",3
General Fund,Police Field Operations,Miscellaneous,,,,3000,3000,28000,28000,3
General Fund,Police Field Operations,Salaries and Wages,,,,"27,152,680.92","28,102,606.43","28,295,139.48","29,058,470.93",3
General Fund,Police Field Operations Total,,,,,"41,146,020.9","41,379,163.71","41,488,255.55","42,411,999.63",2
General Fund,Police Special Operations,Capital Equipment,,,,45535,45535,45535,26035,3
General Fund,Police Special Operations,Direct Expenses,,,,1144595,1234933,1181284,"1,236,024.8",3
General Fund,Police Special Operations,Employee Benefits,,,,"2,120,107.63","1,583,670.05","1,692,846.72","1,688,645.79",3
General Fund,Police Special Operations,Miscellaneous,,,,8500,8500,33500,33500,3
General Fund,Police Special Operations,Other Expense,,,,775000,775000,775000,775000,3
General Fund,Police Special Operations,Salaries and Wages,,,,"6,235,805.4","5,043,084.65","5,358,289.07","5,447,719.52",3
General Fund,Police Special Operations Total,,,,,"10,329,543.03","8,690,722.7","9,086,454.79","9,206,925.11",2
General Fund,PRCR - Business Process Mgmt,Direct Expenses,,,,523942,"521,722.69",495667,498946,3
General Fund,PRCR - Business Process Mgmt,Employee Benefits,,,,"380,184.19","394,533.98","406,642.04","243,960.2",3
General Fund,PRCR - Business Process Mgmt,Miscellaneous,,,,"108,492.12",101384,102254,47700,3
General Fund,PRCR - Business Process Mgmt,Other Expense,,,,1109474,1064841,954182,887873,3
General Fund,PRCR - Business Process Mgmt,Salaries and Wages,,,,"1,450,998.93","1,523,331.9","1,509,472.56","800,057.94",3
General Fund,PRCR - Business Process Mgmt Total,,,,,"3,573,091.24","3,605,813.57","3,468,217.6","2,478,537.14",2
General Fund,PRCR - F&O - City Fac Maint,Capital Equipment,,,,,,85800,85800,3
General Fund,PRCR - F&O - City Fac Maint,Direct Expenses,,,,2449438,2275439,2614373,"3,004,900.88",3
General Fund,PRCR - F&O - City Fac Maint,Employee Benefits,,,,"388,108.28","416,123.93","495,292.17","545,631.95",3
General Fund,PRCR - F&O - City Fac Maint,Interfund Transfers In/Out,,,,78596,74426,58687,73837,3
General Fund,PRCR - F&O - City Fac Maint,Miscellaneous,,,,11200,11200,10150,"5,436.5",3
General Fund,PRCR - F&O - City Fac Maint,Salaries and Wages,,,,"1,373,230.26","1,390,904.69","1,665,402.98","1,796,178.78",3
General Fund,PRCR - F&O - City Fac Maint Total,,,,,"4,300,572.54","4,168,093.62","4,929,705.15","5,511,785.11",2
General Fund,PRCR - F&O - Park Fac Maint,Capital Equipment,,,,9000,,,,3
General Fund,PRCR - F&O - Park Fac Maint,Direct Expenses,,,,"3,512,510.55",3538276,3609295,"3,362,650.38",3
General Fund,PRCR - F&O - Park Fac Maint,Employee Benefits,,,,"409,139.62","412,949.41","417,657.4","405,147.61",3
General Fund,PRCR - F&O - Park Fac Maint,Interfund Transfers In/Out,,,,565954,639688,708133,742712,3
General Fund,PRCR - F&O - Park Fac Maint,Miscellaneous,,,,4800,4800,5300,2544,3
General Fund,PRCR - F&O - Park Fac Maint,Salaries and Wages,,,,"1,310,675.48","1,289,278.36","1,334,289.5","1,295,018.71",3
General Fund,PRCR - F&O - Park Fac Maint Total,,,,,"5,812,079.65","5,884,991.77","6,074,674.9","5,808,072.7",2
General Fund,PRCR - Parks - Cemetery Maint,Direct Expenses,,,,83890,77123,85102,63444,3
General Fund,PRCR - Parks - Cemetery Maint,Employee Benefits,,,,"56,312.07","61,225.21","52,022.32","53,289.24",3
General Fund,PRCR - Parks - Cemetery Maint,Salaries and Wages,,,,"169,717.82","173,009.38","162,671.93","169,087.07",3
General Fund,PRCR - Parks - Cemetery Maint Total,,,,,"309,919.89","311,357.59","299,796.25","285,820.31",2
General Fund,PRCR - Parks - Greenway Maint,Capital Equipment,,,,,21300,7600,44166,3
General Fund,PRCR - Parks - Greenway Maint,Direct Expenses,,,,285344,365327,302722,324545,3
General Fund,PRCR - Parks - Greenway Maint,Employee Benefits,,,,"303,785.91","368,329.91","393,560.37","388,169.44",3
General Fund,PRCR - Parks - Greenway Maint,Miscellaneous,,,,,1300,1300,1100,3
General Fund,PRCR - Parks - Greenway Maint,Salaries and Wages,,,,"823,090.11","1,035,968.38","1,067,651.91","1,081,192.75",3
General Fund,PRCR - Parks - Greenway Maint Total,,,,,"1,412,220.02","1,792,225.29","1,772,834.28","1,839,173.19",2
General Fund,PRCR - Parks - Highway Maint,Capital Equipment,,,,13000,13000,17000,22118,3
General Fund,PRCR - Parks - Highway Maint,Direct Expenses,,,,436246,456915,512666,586571,3
General Fund,PRCR - Parks - Highway Maint,Employee Benefits,,,,"286,119.96","343,320.31","332,704.64","331,039.48",3
General Fund,PRCR - Parks - Highway Maint,Miscellaneous,,,,1825,2425,2425,3680,3
General Fund,PRCR - Parks - Highway Maint,Salaries and Wages,,,,"850,979.63","920,044.09","924,867.19","964,091.7",3
General Fund,PRCR - Parks - Highway Maint Total,,,,,"1,588,170.59","1,735,704.4","1,789,662.83","1,907,500.18",2
General Fund,PRCR - Parks - Urban Trees,Capital Equipment,,,,,,,2500,3
General Fund,PRCR - Parks - Urban Trees,Direct Expenses,,,,,,,402136,3
General Fund,PRCR - Parks - Urban Trees,Employee Benefits,,,,,,,"246,977.23",3
General Fund,PRCR - Parks - Urban Trees,Miscellaneous,,,,,,,8874,3
General Fund,PRCR - Parks - Urban Trees,Salaries and Wages,,,,,,,"763,110.91",3
General Fund,PRCR - Parks - Urban Trees Total,,,,,,,,"1,423,598.14",2
General Fund,PRCR - Parks -Park Maintenance,Capital Equipment,,,,20000,20000,142585,45125,3
General Fund,PRCR - Parks -Park Maintenance,Direct Expenses,,,,1745849,1672076,1700672,1811622,3
General Fund,PRCR - Parks -Park Maintenance,Employee Benefits,,,,"1,541,873.33","1,485,890.05","1,604,890.79","1,532,738.73",3
General Fund,PRCR - Parks -Park Maintenance,Miscellaneous,,,,71400,41400,42250,68300,3
General Fund,PRCR - Parks -Park Maintenance,Salaries and Wages,,,,"4,780,432.04","4,841,411.88","4,984,811.78","5,011,610.91",3
General Fund,PRCR - Parks -Park Maintenance Total,,,,,"8,159,554.37","8,060,777.93","8,475,209.57","8,469,396.64",2
General Fund,PRCR - Recreation,Capital Equipment,,,,,8000,84200,,3
General Fund,PRCR - Recreation,Direct Expenses,,,,"2,064,596.79","2,057,935.03",2573349,"2,249,261.17",3
General Fund,PRCR - Recreation,Employee Benefits,,,,"2,133,505.55","2,238,307.19","2,220,918.33","2,034,994.77",3
General Fund,PRCR - Recreation,Interfund Transfers In/Out,,,,,,,,3
General Fund,PRCR - Recreation,Miscellaneous,,,,"161,639.43",131373,120490,71607,3
General Fund,PRCR - Recreation,Salaries and Wages,,,,"10,656,048.22","10,990,443.82","11,147,928.6","9,130,661.17",3
General Fund,PRCR - Recreation Total,,,,,"15,015,789.99","15,426,059.04","16,146,885.93","13,486,524.11",2
General Fund,PRCR - Recreation-School Based,Direct Expenses,,,,335607,"257,577.84",257829,235609,3
General Fund,PRCR - Recreation-School Based,Employee Benefits,,,,"160,065.22","157,138.06","164,432.53","209,642.33",3
General Fund,PRCR - Recreation-School Based,Miscellaneous,,,,15000,11900,9000,8500,3
General Fund,PRCR - Recreation-School Based,Other Expense,,,,1000,1000,1250,2000,3
General Fund,PRCR - Recreation-School Based,Salaries and Wages,,,,"1,179,623.41","1,151,171.35","1,166,074.44","1,072,548.97",3
General Fund,PRCR - Recreation-School Based Total,,,,,"1,691,295.63","1,578,787.25","1,598,585.97","1,528,300.3",2
General Fund,PRCR - Resources,Capital Equipment,,,,,,,12428,3
General Fund,PRCR - Resources,Direct Expenses,,,,,,,"719,242.2",3
General Fund,PRCR - Resources,Employee Benefits,,,,,,,"788,551.09",3
General Fund,PRCR - Resources,Miscellaneous,,,,,,,160894,3
General Fund,PRCR - Resources,Salaries and Wages,,,,,,,"3,430,349.75",3
General Fund,PRCR - Resources Total,,,,,,,,"5,111,465.04",2
General Fund,PRCR - Strategic Plan & Devel,Direct Expenses,,,,66154,57566,355410,559637,3
General Fund,PRCR - Strategic Plan & Devel,Employee Benefits,,,,"312,015.86","294,141.21",339462,"506,064.3",3
General Fund,PRCR - Strategic Plan & Devel,Miscellaneous,,,,8185,10185,22846,24909,3
General Fund,PRCR - Strategic Plan & Devel,Salaries and Wages,,,,"1,135,674.5","1,162,811.22","1,265,426.16","1,770,381.47",3
General Fund,PRCR - Strategic Plan & Devel Total,,,,,"1,522,029.36","1,524,703.43","1,983,144.16","2,860,991.77",2
General Fund,PRCR-Arts Office,Capital Equipment,,,,,,3268,,3
General Fund,PRCR-Arts Office,Direct Expenses,,,,41562,41573,"43,324.4",,3
General Fund,PRCR-Arts Office,Employee Benefits,,,,"63,510.95","65,919.52","178,951.67",,3
General Fund,PRCR-Arts Office,Miscellaneous,,,,5500,5677,7477,,3
General Fund,PRCR-Arts Office,Other Expense,,,,1495,,,,3
General Fund,PRCR-Arts Office,Salaries and Wages,,,,"258,866.9","277,972.74","636,101.87",,3
General Fund,PRCR-Arts Office Total,,,,,"370,934.85","391,142.26","869,122.94",,2
General Fund,PRCR-Urban Trees,Capital Equipment,,,,,1200,,,3
General Fund,PRCR-Urban Trees,Direct Expenses,,,,263115,337849,344582,,3
General Fund,PRCR-Urban Trees,Employee Benefits,,,,202965,"219,990.56","231,755.13",,3
General Fund,PRCR-Urban Trees,Miscellaneous,,,,7900,9300,7900,,3
General Fund,PRCR-Urban Trees,Other Expense,,,,10000,,,,3
General Fund,PRCR-Urban Trees,Salaries and Wages,,,,"648,286.26","695,552.38","730,442.24",,3
General Fund,PRCR-Urban Trees Total,,,,,"1,132,266.26","1,263,891.94","1,314,679.37",,2
General Fund,Public Affairs,Capital Equipment,,,,27000,17000,17000,17000,3
General Fund,Public Affairs,Direct Expenses,,,,129621,"130,064.82",168645,165545,3
General Fund,Public Affairs,Employee Benefits,,,,"154,723.86","190,497.09","199,845.33","208,799.09",3
General Fund,Public Affairs,Miscellaneous,,,,41900,38000,83170,35370,3
General Fund,Public Affairs,Other Expense,,,,8537,7213,11348,,3
General Fund,Public Affairs,Salaries and Wages,,,,"589,499.08","689,924.72","737,425.1","754,413.84",3
General Fund,Public Affairs Total,,,,,"951,280.94","1,072,699.63","1,217,433.43","1,181,127.93",2
General Fund,Public Affairs-RTN,Direct Expenses,,,,124397,114557,114557,110812,3
General Fund,Public Affairs-RTN,Employee Benefits,,,,"122,832.44","117,603.15","125,441.74","123,584.21",3
General Fund,Public Affairs-RTN,Miscellaneous,,,,6200,6200,6200,6500,3
General Fund,Public Affairs-RTN,Salaries and Wages,,,,"412,009.75","416,692.52","432,423.6","442,821.15",3
General Fund,Public Affairs-RTN Total,,,,,"665,439.19","655,052.67","678,622.34","683,717.36",2
General Fund,Public Works,Capital Equipment,,,,5000,5000,18000,10500,3
General Fund,Public Works,Direct Expenses,,,,7057315,7001509,"7,030,221.56","7,362,137.16",3
General Fund,Public Works,Employee Benefits,,,,"1,415,181.5","1,417,664.28","1,473,990.62","1,526,810.22",3
General Fund,Public Works,Interfund Transfers In/Out,,,,2100,2100,1100,1100,3
General Fund,Public Works,Miscellaneous,,,,28525,51215,56323,73850,3
General Fund,Public Works,Other Expense,,,,298659,221161,294538,550863,3
General Fund,Public Works,Salaries and Wages,,,,"4,628,496.3","4,745,333.21","4,854,797.44","4,858,222.41",3
General Fund,Public Works Total,,,,,"13,435,276.8","13,443,982.49","13,728,970.62","14,383,482.79",2
General Fund,Purchasing,Direct Expenses,,,,24528,17356,17163,19500,3
General Fund,Purchasing,Employee Benefits,,,,"114,516.6","116,833.94","116,623.82","113,460.65",3
General Fund,Purchasing,Miscellaneous,,,,5200,6622,8122,13700,3
General Fund,Purchasing,Salaries and Wages,,,,"407,550.17","413,736.67","424,945.44","428,862.5",3
General Fund,Purchasing Total,,,,,"551,794.77","554,548.61","566,854.26","575,523.15",2
General Fund,PW-Safelight,Direct Expenses,,,,796537,796537,796501,667453,3
General Fund,PW-Safelight,Employee Benefits,,,,"20,992.85","21,062.2","21,406.18","22,465.69",3
General Fund,PW-Safelight,Miscellaneous,,,,16500,16500,16500,16500,3
General Fund,PW-Safelight,Other Expense,,,,2550,1788,3278,,3
General Fund,PW-Safelight,Salaries and Wages,,,,"56,608.11","55,730.85","57,265.23","71,829.44",3
General Fund,PW-Safelight Total,,,,,"893,187.96","891,618.05","894,950.41","778,248.13",2
General Fund,Revenue,Direct Expenses,,,,"192,610.28","185,685.18",206718,"249,738.35",3
General Fund,Revenue,Employee Benefits,,,,"244,578.62","245,796.13","237,566.51","233,937.95",3
General Fund,Revenue,Miscellaneous,,,,7075,8508,16008,19500,3
General Fund,Revenue,Salaries and Wages,,,,"838,116.17","853,183.51","848,800.71","813,178.73",3
General Fund,Revenue Total,,,,,"1,282,380.07","1,293,172.82","1,309,093.22","1,316,355.03",2
General Fund,Solid Waste Admin,Direct Expenses,,,,156867,,,,3
General Fund,Solid Waste Admin,Employee Benefits,,,,"337,141.79",,,,3
General Fund,Solid Waste Admin,Interfund Transfers In/Out,,,,11100,,,,3
General Fund,Solid Waste Admin,Salaries and Wages,,,,"1,175,215.05",,,,3
General Fund,Solid Waste Admin Total,,,,,"1,680,323.84",,,,2
General Fund,Solid Waste Recycling,Employee Benefits,,,,"701,169.4",,,,3
General Fund,Solid Waste Recycling,Salaries and Wages,,,,"1,896,442.26",,,,3
General Fund,Solid Waste Recycling Total,,,,,"2,597,611.66",,,,2
General Fund,Solid Waste Residential Collec,Employee Benefits,,,,"1,462,904.35",,,,3
General Fund,Solid Waste Residential Collec,Salaries and Wages,,,,"4,191,302.61",,,,3
General Fund,Solid Waste Residential Collec Total,,,,,"5,654,206.96",,,,2
General Fund,Solid Waste Yardwaste Ctr,Employee Benefits,,,,"90,659.65",,,,3
General Fund,Solid Waste Yardwaste Ctr,Salaries and Wages,,,,"278,123.42",,,,3
General Fund,Solid Waste Yardwaste Ctr Total,,,,,"368,783.07",,,,2
General Fund,Special Appropriations,Direct Expenses,,,,2521252,2315705,"2,557,388.02","2,623,743.6",3
General Fund,Special Appropriations,Employee Benefits,,,,8922926,9916639,"10,638,881.98","9,969,189.19",3
General Fund,Special Appropriations,Interfund Transfers In/Out,,,,66453254,86642724,102571646,"103,872,338.9",3
General Fund,Special Appropriations,Miscellaneous,,,,548018,558810,558810,293785,3
General Fund,Special Appropriations,Other Expense,,,,4669634,3546108,2987322,3357378,3
General Fund,Special Appropriations,Salaries and Wages,,,,1456000,,,,3
General Fund,Special Appropriations Total,,,,,84571084,102979986,119314048,"120,116,434.7",2
General Fund,Stormwater Street Maintenance,Capital Equipment,,,,5500,5500,5500,2500,3
General Fund,Stormwater Street Maintenance,Direct Expenses,,,,876954,848530,862870,760025,3
General Fund,Stormwater Street Maintenance,Employee Benefits,,,,"535,008.71","581,334.54","532,131.57","541,637.19",3
General Fund,Stormwater Street Maintenance,Miscellaneous,,,,12360,12360,12360,7000,3
General Fund,Stormwater Street Maintenance,Other Expense,,,,73005,5746,64072,56801,3
General Fund,Stormwater Street Maintenance,Salaries and Wages,,,,"1,597,386.03","1,588,650.21","1,611,604.4","1,612,933.45",3
General Fund,Stormwater Street Maintenance Total,,,,,"3,100,213.74","3,042,120.75","3,088,537.97","2,980,896.64",2
General Fund,Transportation Field Services,Capital Equipment,,,,57000,57000,41000,36000,3
General Fund,Transportation Field Services,Direct Expenses,,,,3329098,3315367,3297848,4419639,3
General Fund,Transportation Field Services,Employee Benefits,,,,"1,283,358.49","1,306,278.09","1,349,696.81","1,493,795.73",3
General Fund,Transportation Field Services,Interfund Transfers In/Out,,,,17450,17450,16950,16950,3
General Fund,Transportation Field Services,Miscellaneous,,,,95605,97678,94700,101000,3
General Fund,Transportation Field Services,Other Expense,,,,268975,174143,240137,,3
General Fund,Transportation Field Services,Salaries and Wages,,,,"4,085,069.03","4,103,770.56","4,222,271.86","4,570,641.74",3
General Fund,Transportation Field Services Total,,,,,"9,136,555.52","9,071,686.65","9,262,603.67","10,638,026.47",2
General Fund,Treasury Office,Direct Expenses,,,,176058,173066,182687,181600,3
General Fund,Treasury Office,Employee Benefits,,,,"100,244.12","95,091.62","95,990.06","103,543.53",3
General Fund,Treasury Office,Miscellaneous,,,,4200,5295,6595,7600,3
General Fund,Treasury Office,Salaries and Wages,,,,"352,161.17","356,198.09","365,663.73","376,975.01",3
General Fund,Treasury Office Total,,,,,"632,663.29","629,650.71","650,935.79","669,718.54",2
General Fund,Utility Billing Svcs,Direct Expenses,,,,2222646,"2,271,688.36",,,3
General Fund,Utility Billing Svcs,Employee Benefits,,,,"602,544.48","615,500.9",,,3
General Fund,Utility Billing Svcs,Miscellaneous,,,,917650,"754,023.75",,,3
General Fund,Utility Billing Svcs,Other Expense,,,,,12468,,,3
General Fund,Utility Billing Svcs,Salaries and Wages,,,,"2,003,969.59","2,075,052.56",,,3
General Fund,Utility Billing Svcs Total,,,,,"5,746,810.07","5,728,733.57",,,2
General Fund Total,,,,,,"373,175,488.6",383613285,"404,773,075.2","416,705,398.2",1
Grants Fund,Community Svcs,Direct Expenses,,,,,,,,3
Grants Fund,Community Svcs,Employee Benefits,,,,,,,,3
Grants Fund,Community Svcs,Miscellaneous,,,,,,,,3
Grants Fund,Community Svcs,Other Expense,,,,,,,,3
Grants Fund,Community Svcs,Salaries and Wages,,,,,,,,3
Grants Fund,Community Svcs Total,,,,,,,,,2
Grants Fund,Police Administrative Services,Employee Benefits,,,,,,,,3
Grants Fund,Police Administrative Services,Salaries and Wages,,,,,,,,3
Grants Fund,Police Administrative Services Total,,,,,,,,,2
Grants Fund,PRCR - Business Process Mgmt,Direct Expenses,,,,,,,,3
Grants Fund,PRCR - Business Process Mgmt,Employee Benefits,,,,,,,,3
Grants Fund,PRCR - Business Process Mgmt,Miscellaneous,,,,,,,,3
Grants Fund,PRCR - Business Process Mgmt,Salaries and Wages,,,,,,,,3
Grants Fund,PRCR - Business Process Mgmt Total,,,,,,,,,2
Grants Fund,Public Works-Transportaion,Direct Expenses,,,,,,,,3
Grants Fund,Public Works-Transportaion,Employee Benefits,,,,,,,,3
Grants Fund,Public Works-Transportaion,Miscellaneous,,,,,,,,3
Grants Fund,Public Works-Transportaion,Other Expense,,,,,,,,3
Grants Fund,Public Works-Transportaion,Salaries and Wages,,,,,,,,3
Grants Fund,Public Works-Transportaion Total,,,,,,,,,2
Grants Fund Total,,,,,,,,,,1
Home Grant,Community Development,Employee Benefits,,,,,"16,087.38",15307,23449,3
Home Grant,Community Development,Interfund Transfers In/Out,,,,37000,39206,42111,18930,3
Home Grant,Community Development,Other Expense,,,,1547265,1176290,1367179,1596925,3
Home Grant,Community Development,Salaries and Wages,,,,,"53,136.01",50046,86005,3
Home Grant,Community Development Total,,,,,1584265,"1,284,719.39",1474643,1725309,2
Home Grant Total,,,,,,1584265,"1,284,719.39",1474643,1725309,1
Housing Development-Operating,Community Development,Capital Equipment,,,,300,300,300,300,3
Housing Development-Operating,Community Development,Direct Expenses,,,,129310,126990,226405,174954,3
Housing Development-Operating,Community Development,Employee Benefits,,,,"400,857.98","246,734.26","250,805.71","-500,527.7",3
Housing Development-Operating,Community Development,Interfund Transfers In/Out,,,,,31536,31807,295861,3
Housing Development-Operating,Community Development,Miscellaneous,,,,15407,13860,28141,19210,3
Housing Development-Operating,Community Development,Other Expense,,,,"-941,056",12663,11161,195000,3
Housing Development-Operating,Community Development,Salaries and Wages,,,,"1,395,835.98","651,399.13","676,611.46","1,360,235.7",3
Housing Development-Operating,Community Development Total,,,,,"1,000,654.96","1,083,482.39","1,225,231.17",1545033,2
Housing Development-Operating Total,,,,,,"1,000,654.96","1,083,482.39","1,225,231.17",1545033,1
Housing Development-Projects,Community Development,Direct Expenses,,,,58000,51200,59220,,3
Housing Development-Projects,Community Development,Interfund Transfers In/Out,,,,63217,69517,69853,500000,3
Housing Development-Projects,Community Development,Other Expense,,,,562081,494632,207500,,3
Housing Development-Projects,Community Development Total,,,,,683298,615349,336573,500000,2
Housing Development-Projects Total,,,,,,683298,615349,336573,500000,1
Nchfa/Job Training Grant,Community Development,Other Expense,,,,67000,,,,3
Nchfa/Job Training Grant,Community Development Total,,,,,67000,,,,2
Nchfa/Job Training Grant Total,,,,,,67000,,,,1
Parking Debt Service Fund,Treasury Office,Capital Project Expense,,,,7211545,7230000,7355000,7205000,3
Parking Debt Service Fund,Treasury Office,Direct Expenses,,,,555000,555000,380000,380000,3
Parking Debt Service Fund,Treasury Office,Interfund Transfers In/Out,,,,,140000,140000,140000,3
Parking Debt Service Fund,Treasury Office Total,,,,,7766545,7925000,7875000,7725000,2
Parking Debt Service Fund Total,,,,,,7766545,7925000,7875000,7725000,1
Parking Facilities Fund-Operat,Parking Operations,Capital Equipment,,,,17700,14700,15300,28010,3
Parking Facilities Fund-Operat,Parking Operations,Direct Expenses,,,,3863346,"3,941,199.46","4,634,004.3","4,616,045.65",3
Parking Facilities Fund-Operat,Parking Operations,Employee Benefits,,,,"441,801.27","503,072.71","451,042.54","551,779.03",3
Parking Facilities Fund-Operat,Parking Operations,Interfund Transfers In/Out,,,,6615279,8843186,8495336,8939984,3
Parking Facilities Fund-Operat,Parking Operations,Miscellaneous,,,,421077,"230,926.89",235400,236100,3
Parking Facilities Fund-Operat,Parking Operations,Other Expense,,,,89000,86710,113164,181907,3
Parking Facilities Fund-Operat,Parking Operations,Salaries and Wages,,,,"1,209,844.89","1,196,391.88","1,254,221.16","1,463,398.66",3
Parking Facilities Fund-Operat,Parking Operations Total,,,,,"12,658,048.16","14,816,186.94",15198468,"16,017,224.34",2
Parking Facilities Fund-Operat Total,,,,,,"12,658,048.16","14,816,186.94",15198468,"16,017,224.34",1
Public Transit Fund-Operating,Accessible Raleigh Transit,Direct Expenses,,,,7179856,7729516,7727257,7731880,3
Public Transit Fund-Operating,Accessible Raleigh Transit,Employee Benefits,,,,"70,800.78","69,760.04","72,358.26","81,712.79",3
Public Transit Fund-Operating,Accessible Raleigh Transit,Miscellaneous,,,,1250,1250,1000,1250,3
Public Transit Fund-Operating,Accessible Raleigh Transit,Other Expense,,,,11217,8220,19017,6439,3
Public Transit Fund-Operating,Accessible Raleigh Transit,Salaries and Wages,,,,"224,474.02","228,327.55","232,949.73","238,700.47",3
Public Transit Fund-Operating,Accessible Raleigh Transit Total,,,,,"7,487,597.8","8,037,073.59","8,052,581.99","8,059,982.26",2
Public Transit Fund-Operating,Transit Operations,Direct Expenses,,,,1396028,1616368,1327845,"1,368,541.74",3
Public Transit Fund-Operating,Transit Operations,Employee Benefits,,,,"44,840.69","65,851.04","96,315.53","72,174.47",3
Public Transit Fund-Operating,Transit Operations,Interfund Transfers In/Out,,,,45845,1023414,798974,575099,3
Public Transit Fund-Operating,Transit Operations,Miscellaneous,,,,15246840,15241840,16129074,16959719,3
Public Transit Fund-Operating,Transit Operations,Other Expense,,,,8129,5994,86536,70202,3
Public Transit Fund-Operating,Transit Operations,Salaries and Wages,,,,"164,546.41","165,450.65","169,335.53","174,295.77",3
Public Transit Fund-Operating,Transit Operations Total,,,,,"16,906,229.1","18,118,917.69","18,608,080.06","19,220,031.98",2
Public Transit Fund-Operating Total,,,,,,"24,393,826.9","26,155,991.28","26,660,662.05","27,280,014.24",1
Public Utilities Fund,PU Capital Improvement Mgmt,Capital Equipment,,,,16875,,,,3
Public Utilities Fund,PU Capital Improvement Mgmt,Direct Expenses,,,,124190,148985,140653,180655,3
Public Utilities Fund,PU Capital Improvement Mgmt,Employee Benefits,,,,"370,418.48","430,001.93","478,735.6","514,116.78",3
Public Utilities Fund,PU Capital Improvement Mgmt,Miscellaneous,,,,11500,53500,53500,53500,3
Public Utilities Fund,PU Capital Improvement Mgmt,Salaries and Wages,,,,"1,316,962.22","1,507,513.61",1690569,"1,859,283.76",3
Public Utilities Fund,PU Capital Improvement Mgmt Total,,,,,"1,839,945.7","2,140,000.54","2,363,457.6","2,607,555.54",2
Public Utilities Fund,PU Facilities Support,Capital Equipment,,,,42000,,,,3
Public Utilities Fund,PU Facilities Support,Direct Expenses,,,,2633384,1684264,1656311,1713174,3
Public Utilities Fund,PU Facilities Support,Employee Benefits,,,,"195,821.03","213,749.59","193,349.1","196,857.37",3
Public Utilities Fund,PU Facilities Support,Miscellaneous,,,,137000,137000,22000,30546,3
Public Utilities Fund,PU Facilities Support,Salaries and Wages,,,,"631,831.16","593,043.4","558,480.1","574,974.21",3
Public Utilities Fund,PU Facilities Support Total,,,,,"3,640,036.19","2,628,056.99","2,430,140.2","2,515,551.58",2
Public Utilities Fund,PU Meters,Capital Equipment,,,,10000,10000,10000,10000,3
Public Utilities Fund,PU Meters,Direct Expenses,,,,1060495,1100492,1018506,1105267,3
Public Utilities Fund,PU Meters,Employee Benefits,,,,"1,047,190.24","1,053,036.73","1,094,376.07","1,134,898.77",3
Public Utilities Fund,PU Meters,Miscellaneous,,,,7500,7500,30367,47327,3
Public Utilities Fund,PU Meters,Other Expense,,,,21411,,,,3
Public Utilities Fund,PU Meters,Salaries and Wages,,,,"3,553,470.78","3,308,632.71","3,405,335.57","3,390,834.86",3
Public Utilities Fund,PU Meters Total,,,,,"5,700,067.02","5,479,661.44","5,558,584.64","5,688,327.63",2
Public Utilities Fund,PU Re-use Operations,Capital Equipment,,,,39500,29500,,,3
Public Utilities Fund,PU Re-use Operations,Direct Expenses,,,,3214463,3082493,,,3
Public Utilities Fund,PU Re-use Operations,Employee Benefits,,,,"355,449.77","392,769.69",,,3
Public Utilities Fund,PU Re-use Operations,Miscellaneous,,,,61500,66000,,,3
Public Utilities Fund,PU Re-use Operations,Salaries and Wages,,,,"1,271,574.13","1,294,430.46",,,3
Public Utilities Fund,PU Re-use Operations Total,,,,,"4,942,486.9","4,865,193.15",,,2
Public Utilities Fund,PU Sewer Maintenance,Capital Equipment,,,,240435,240435,181200,250350,3
Public Utilities Fund,PU Sewer Maintenance,Direct Expenses,,,,3511006,3041011,3179997,3867028,3
Public Utilities Fund,PU Sewer Maintenance,Employee Benefits,,,,"1,413,255.61","1,595,652.34","1,583,399.61","1,598,184.37",3
Public Utilities Fund,PU Sewer Maintenance,Interfund Transfers In/Out,,,,1320000,1320000,540000,540000,3
Public Utilities Fund,PU Sewer Maintenance,Miscellaneous,,,,26400,26400,101790,131000,3
Public Utilities Fund,PU Sewer Maintenance,Salaries and Wages,,,,"4,572,556.84","4,564,827.64","4,661,652.45","4,622,992.05",3
Public Utilities Fund,PU Sewer Maintenance Total,,,,,"11,083,653.45","10,788,325.98","10,248,039.06","11,009,554.42",2
Public Utilities Fund,PU Utility Billing,Direct Expenses,,,,,,1603021,1688480,3
Public Utilities Fund,PU Utility Billing,Employee Benefits,,,,,,"786,778.51","794,961.1",3
Public Utilities Fund,PU Utility Billing,Miscellaneous,,,,,,778075,790575,3
Public Utilities Fund,PU Utility Billing,Salaries and Wages,,,,,,"2,399,579.55","2,381,019.92",3
Public Utilities Fund,PU Utility Billing Total,,,,,,,"5,567,454.06","5,655,036.02",2
Public Utilities Fund,PU Water Distribution,Capital Equipment,,,,89700,89700,155290,180290,3
Public Utilities Fund,PU Water Distribution,Direct Expenses,,,,1832030,1769013,2495075,2662555,3
Public Utilities Fund,PU Water Distribution,Employee Benefits,,,,"1,273,992.87","1,533,324.24","1,380,442.11","1,412,841.54",3
Public Utilities Fund,PU Water Distribution,Interfund Transfers In/Out,,,,,,780000,780000,3
Public Utilities Fund,PU Water Distribution,Miscellaneous,,,,62000,62000,112615,120649,3
Public Utilities Fund,PU Water Distribution,Salaries and Wages,,,,"4,240,060.64","4,524,733.21","4,323,757.67","4,553,791.94",3
Public Utilities Fund,PU Water Distribution Total,,,,,"7,497,783.51","7,978,770.45","9,247,179.78","9,710,127.48",2
Public Utilities Fund,PU Water Plant,Capital Equipment,,,,927458,406982,329075,321100,3
Public Utilities Fund,PU Water Plant,Direct Expenses,,,,13733459,14263142,14318449,13191165,3
Public Utilities Fund,PU Water Plant,Employee Benefits,,,,"1,208,433.89","1,340,645.98","1,334,279.74","1,380,332.72",3
Public Utilities Fund,PU Water Plant,Miscellaneous,,,,108000,108000,108000,108000,3
Public Utilities Fund,PU Water Plant,Other Expense,,,,800000,800000,800000,800000,3
Public Utilities Fund,PU Water Plant,Salaries and Wages,,,,"4,219,436.78","4,263,930.97","4,417,808.68","4,406,996.96",3
Public Utilities Fund,PU Water Plant Total,,,,,"20,996,787.67","21,182,700.95","21,307,612.42","20,207,594.68",2
Public Utilities Fund,Public Utilities Admin,Capital Equipment,,,,17500,17500,17500,17500,3
Public Utilities Fund,Public Utilities Admin,Direct Expenses,,,,2244365,2048278,"2,716,956.2","2,994,790.2",3
Public Utilities Fund,Public Utilities Admin,Employee Benefits,,,,"544,130.19","605,932.48","748,733.65","776,042.15",3
Public Utilities Fund,Public Utilities Admin,Interfund Transfers In/Out,,,,15230,15230,15230,20230,3
Public Utilities Fund,Public Utilities Admin,Miscellaneous,,,,809000,976500,1033500,1018500,3
Public Utilities Fund,Public Utilities Admin,Other Expense,,,,,,,5000,3
Public Utilities Fund,Public Utilities Admin,Salaries and Wages,,,,"2,268,394.07","2,345,917.9","2,805,560.44","2,976,588.46",3
Public Utilities Fund,Public Utilities Admin Total,,,,,"5,898,619.26","6,009,358.38","7,337,480.29","7,808,650.81",2
Public Utilities Fund,Public Utilities-Spec Appropri,Capital Equipment,,,,,400000,,,3
Public Utilities Fund,Public Utilities-Spec Appropri,Capital Project Expense,,,,10000,10000,10000,10000,3
Public Utilities Fund,Public Utilities-Spec Appropri,Direct Expenses,,,,11056571,10260099,"8,844,305.02","19,902,000.29",3
Public Utilities Fund,Public Utilities-Spec Appropri,Employee Benefits,,,,2492376,2064438,"2,227,903.04","2,328,822.97",3
Public Utilities Fund,Public Utilities-Spec Appropri,Interfund Transfers In/Out,,,,78407005,95737174,98719401,94950600,3
Public Utilities Fund,Public Utilities-Spec Appropri,Miscellaneous,,,,700000,500000,500000,,3
Public Utilities Fund,Public Utilities-Spec Appropri,Other Expense,,,,2864084,3180939,2695814,2611280,3
Public Utilities Fund,Public Utilities-Spec Appropri,Salaries and Wages,,,,,,,900000,3
Public Utilities Fund,Public Utilities-Spec Appropri Total,,,,,95530036,112152650,"112,997,423.1","120,702,703.3",2
Public Utilities Fund,Resource Recovery,Capital Equipment,,,,297500,272500,292500,253500,3
Public Utilities Fund,Resource Recovery,Direct Expenses,,,,10817160,10441086,13729454,13516242,3
Public Utilities Fund,Resource Recovery,Employee Benefits,,,,"1,248,807.6","1,342,495.93","1,734,320.85","1,723,758.98",3
Public Utilities Fund,Resource Recovery,Miscellaneous,,,,266500,266500,326500,354500,3
Public Utilities Fund,Resource Recovery,Salaries and Wages,,,,"4,554,273.72","4,573,114.99","5,951,925.03","5,903,531.6",3
Public Utilities Fund,Resource Recovery Total,,,,,"17,184,241.32","16,895,696.92","22,034,699.88","21,751,532.58",2
Public Utilities Fund Total,,,,,,174313657,"190,120,414.8",199092071,207656634,1
RCC/PAC Debt Svc Fund,Treasury Office,Capital Project Expense,,,,9481430,9574670,9607470,16892000,3
RCC/PAC Debt Svc Fund,Treasury Office,Direct Expenses,,,,2021500,1591500,1591500,1591000,3
RCC/PAC Debt Svc Fund,Treasury Office Total,,,,,11502930,11166170,11198970,18483000,2
RCC/PAC Debt Svc Fund Total,,,,,,11502930,11166170,11198970,18483000,1
RCC/PAC Operations Fund,Performing Arts Center,Capital Equipment,,,,10000,10000,10000,10000,3
RCC/PAC Operations Fund,Performing Arts Center,Direct Expenses,,,,1013013,984411,1008651,996111,3
RCC/PAC Operations Fund,Performing Arts Center,Employee Benefits,,,,"448,049.57","629,187.97","688,422.95","637,008.46",3
RCC/PAC Operations Fund,Performing Arts Center,Interfund Transfers In/Out,,,,33000,1187711,1131665,690282,3
RCC/PAC Operations Fund,Performing Arts Center,Miscellaneous,,,,23700,28426,28740,31360,3
RCC/PAC Operations Fund,Performing Arts Center,Other Expense,,,,856725,980159,1159485,1905692,3
RCC/PAC Operations Fund,Performing Arts Center,Salaries and Wages,,,,"2,250,913.45","2,433,500.73","2,525,355.94","2,641,261.94",3
RCC/PAC Operations Fund,Performing Arts Center Total,,,,,"4,635,401.02","6,253,395.7","6,552,319.89","6,911,715.4",2
RCC/PAC Operations Fund,RCC Downtown Amphitheatre,Direct Expenses,,,,97177,158795,200961,201024,3
RCC/PAC Operations Fund,RCC Downtown Amphitheatre,Employee Benefits,,,,"55,456.66","130,985.37","102,012.67","76,981.19",3
RCC/PAC Operations Fund,RCC Downtown Amphitheatre,Interfund Transfers In/Out,,,,181346,254695,247633,313881,3
RCC/PAC Operations Fund,RCC Downtown Amphitheatre,Miscellaneous,,,,58800,19960,9705,42810,3
RCC/PAC Operations Fund,RCC Downtown Amphitheatre,Other Expense,,,,454000,511248,618489,781693,3
RCC/PAC Operations Fund,RCC Downtown Amphitheatre,Salaries and Wages,,,,"306,923.52","343,783.6","311,790.55","281,023.54",3
RCC/PAC Operations Fund,RCC Downtown Amphitheatre Total,,,,,"1,153,703.18","1,419,466.97","1,490,591.22","1,697,412.73",2
RCC/PAC Operations Fund,RCC Facility,Capital Equipment,,,,15000,10000,10000,10000,3
RCC/PAC Operations Fund,RCC Facility,Direct Expenses,,,,2639162,2566661,3207366,"3,303,203.8",3
RCC/PAC Operations Fund,RCC Facility,Employee Benefits,,,,753160,"1,085,424.17","1,143,580.67",1044744,3
RCC/PAC Operations Fund,RCC Facility,Interfund Transfers In/Out,,,,81000,982840,921460,930133,3
RCC/PAC Operations Fund,RCC Facility,Miscellaneous,,,,"199,282.77",187681,164714,208930,3
RCC/PAC Operations Fund,RCC Facility,Other Expense,,,,154000,371968,400981,402821,3
RCC/PAC Operations Fund,RCC Facility,Salaries and Wages,,,,"2,823,261.13","3,329,208.58","3,330,181.61","3,522,980.2",3
RCC/PAC Operations Fund,RCC Facility Total,,,,,"6,664,865.9","8,533,782.75","9,178,283.28",9422812,2
RCC/PAC Operations Fund,RCC/Pac Admin,Direct Expenses,,,,133812,,,,3
RCC/PAC Operations Fund,RCC/Pac Admin,Employee Benefits,,,,"422,252.13",,,,3
RCC/PAC Operations Fund,RCC/Pac Admin,Interfund Transfers In/Out,,,,2097637,,,,3
RCC/PAC Operations Fund,RCC/Pac Admin,Miscellaneous,,,,24500,,,,3
RCC/PAC Operations Fund,RCC/Pac Admin,Other Expense,,,,60385,,,,3
RCC/PAC Operations Fund,RCC/Pac Admin,Salaries and Wages,,,,"969,719.71",,,,3
RCC/PAC Operations Fund,RCC/Pac Admin Total,,,,,"3,708,305.84",,,,2
RCC/PAC Operations Fund,RCC/PAC Special Events,Direct Expenses,,,,,28250,51750,56100,3
RCC/PAC Operations Fund,RCC/PAC Special Events,Employee Benefits,,,,,"1,326.6","1,895.1","3,297.5",3
RCC/PAC Operations Fund,RCC/PAC Special Events,Interfund Transfers In/Out,,,,,26238,3506,3391,3
RCC/PAC Operations Fund,RCC/PAC Special Events,Miscellaneous,,,,,6000,13000,42000,3
RCC/PAC Operations Fund,RCC/PAC Special Events,Other Expense,,,,,52211,133100,187000,3
RCC/PAC Operations Fund,RCC/PAC Special Events,Salaries and Wages,,,,"10,003.18",14400,20000,35000,3
RCC/PAC Operations Fund,RCC/PAC Special Events Total,,,,,"10,003.18","128,425.6","223,251.1","326,788.5",2
Rcc/Pac Operations Fund Total,,,,,,"16,172,279.12","16,335,071.02","17,444,445.49","18,358,728.63",1
Revolving Fund,City Manager,Direct Expenses,,,,8450,8450,8450,8450,3
Revolving Fund,City Manager,Miscellaneous,,,,1050,1050,1050,1050,3
Revolving Fund,City Manager Total,,,,,9500,9500,9500,9500,2
Revolving Fund,Community Svcs,Direct Expenses,,,,12000,12000,30000,30000,3
Revolving Fund,Community Svcs Total,,,,,12000,12000,30000,30000,2
Revolving Fund,Fire Adm,Direct Expenses,,,,100000,200000,300000,210000,3
Revolving Fund,Fire Adm,Employee Benefits,,,,,,,30000,3
Revolving Fund,Fire Adm,Miscellaneous,,,,,,,10000,3
Revolving Fund,Fire Adm,Salaries and Wages,,,,,,,50000,3
Revolving Fund,Fire Adm Total,,,,,100000,200000,300000,300000,2
Revolving Fund,Fire Training,Direct Expenses,,,,80964,80964,80964,158410,3
Revolving Fund,Fire Training,Miscellaneous,,,,,,,4000,3
Revolving Fund,Fire Training Total,,,,,80964,80964,80964,162410,2
Revolving Fund,Inspections,Capital Equipment,,,,,4802,4802,,3
Revolving Fund,Inspections,Direct Expenses,,,,4000,4000,4040,1400,3
Revolving Fund,Inspections,Miscellaneous,,,,500,500,500,,3
Revolving Fund,Inspections Total,,,,,4500,9302,9342,1400,2
Revolving Fund,Non-Departmental,Interfund Transfers In/Out,,,,200000,100000,,,3
Revolving Fund,Non-Departmental,Other Expense,,,,110073,107170,,,3
Revolving Fund,Non-Departmental Total,,,,,310073,207170,,,2
Revolving Fund,Office of Sustainability,Direct Expenses,,,,,,,,3
Revolving Fund,Office of Sustainability,Miscellaneous,,,,,,,,3
Revolving Fund,Office of Sustainability Total,,,,,,,,,2
Revolving Fund,Planning,Capital Project Expense,,,,,,,,3
Revolving Fund,Planning,Direct Expenses,,,,1000,1000,3500,2000,3
Revolving Fund,Planning Total,,,,,1000,1000,3500,2000,2
Revolving Fund,Police Administrative Services,Direct Expenses,,,,8937,8937,8937,8940,3
Revolving Fund,Police Administrative Services Total,,,,,8937,8937,8937,8940,2
Revolving Fund,PRCR - Business Process Mgmt,Direct Expenses,,,,,,,35000,3
Revolving Fund,PRCR - Business Process Mgmt Total,,,,,,,,35000,2
Revolving Fund,PRCR - Parks - Urban Trees,Direct Expenses,,,,,,,63000,3
Revolving Fund,PRCR - Parks - Urban Trees Total,,,,,,,,63000,2
Revolving Fund,PRCR - Parks -Park Maintenance,Direct Expenses,,,,,34000,34000,25000,3
Revolving Fund,PRCR - Parks -Park Maintenance,Employee Benefits,,,,,,741,1849,3
Revolving Fund,PRCR - Parks -Park Maintenance,Salaries and Wages,,,,,5000,5000,11151,3
Revolving Fund,PRCR - Parks -Park Maintenance Total,,,,,,39000,39741,38000,2
Revolving Fund,PRCR - Recreation,Capital Equipment,,,,109419,109909,"87,300.1","67,621.07",3
Revolving Fund,PRCR - Recreation,Direct Expenses,,,,"4,051,792.85","4,354,997.76","4,339,749.77","4,988,666.34",3
Revolving Fund,PRCR - Recreation,Employee Benefits,,,,"172,088.23","167,364.51","182,538.03","188,937.74",3
Revolving Fund,PRCR - Recreation,Interfund Transfers In/Out,,,,"54,171.88",59818,"161,121.03","159,999.86",3
Revolving Fund,PRCR - Recreation,Miscellaneous,,,,165957,155586,211535,"217,015.09",3
Revolving Fund,PRCR - Recreation,Other Expense,,,,4500,,52303,"50,575.5",3
Revolving Fund,PRCR - Recreation,Salaries and Wages,,,,2275431,2103866,"2,331,367.97","2,449,315.4",3
Revolving Fund,PRCR - Recreation Total,,,,,"6,833,359.96","6,951,541.27","7,365,914.9",8122131,2
Revolving Fund,PRCR - Resources,Direct Expenses,,,,,,,85535,3
Revolving Fund,PRCR - Resources Total,,,,,,,,85535,2
Revolving Fund,PRCR-Arts Office,Direct Expenses,,,,6000,"91,534.55",85535,,3
Revolving Fund,PRCR-Arts Office Total,,,,,6000,"91,534.55",85535,,2
Revolving Fund,PRCR-Urban Trees,Direct Expenses,,,,,35000,30000,,3
Revolving Fund,PRCR-Urban Trees Total,,,,,,35000,30000,,2
Revolving Fund,Public Affairs-RTN,Capital Equipment,,,,50900,100000,395000,395000,3
Revolving Fund,Public Affairs-RTN,Direct Expenses,,,,3100,,,,3
Revolving Fund,Public Affairs-RTN,Miscellaneous,,,,250,,,,3
Revolving Fund,Public Affairs-RTN,Other Expense,,,,40250,40000,40000,40000,3
Revolving Fund,Public Affairs-RTN Total,,,,,94500,140000,435000,435000,2
Revolving Fund,Solid Waste Admin,Direct Expenses,,,,590820,590820,,,3
Revolving Fund,Solid Waste Admin Total,,,,,590820,590820,,,2
Revolving Fund Total,,,,,,"8,051,653.96","8,376,768.82","8,398,433.9",9292916,1
Sewer Reuse/Infrastructure Fd,Non-Departmental,Interfund Transfers In/Out,,,,,,,6112089,3
Sewer Reuse/Infrastructure Fd,Non-Departmental Total,,,,,,,,6112089,2
Sewer Reuse/Infrastructure Fd Total,,,,,,,,,6112089,1
Stormwater Utility Fund,Stormwater Management,Capital Equipment,,,,1000,1000,1000,1000,3
Stormwater Utility Fund,Stormwater Management,Direct Expenses,,,,1061547,1083882,1103720,"798,521.94",3
Stormwater Utility Fund,Stormwater Management,Employee Benefits,,,,"941,603.04","994,247.65","967,929.56","1,145,458.6",3
Stormwater Utility Fund,Stormwater Management,Interfund Transfers In/Out,,,,9797256,10688669,10788197,11193695,3
Stormwater Utility Fund,Stormwater Management,Miscellaneous,,,,148185,148185,133685,84150,3
Stormwater Utility Fund,Stormwater Management,Other Expense,,,,196245,155424,185577,192444,3
Stormwater Utility Fund,Stormwater Management,Salaries and Wages,,,,"2,847,925.99","2,793,122.53","2,883,556.43","3,266,218.46",3
Stormwater Utility Fund,Stormwater Management Total,,,,,"14,993,762.03","15,864,530.18","16,063,664.99",16681488,2
Stormwater Utility Fund,Treasury Office,Capital Project Expense,,,,,,,6988,3
Stormwater Utility Fund,Treasury Office Total,,,,,,,,6988,2
Stormwater Utility Fund Total,,,,,,"14,993,762.03","15,864,530.18","16,063,664.99",16688476,1
SWS Debt Service Fund,Treasury Office,Capital Project Expense,,,,,,2104075,2066000,3
SWS Debt Service Fund,Treasury Office Total,,,,,,,2104075,2066000,2
SWS Debt Service Fund Total,,,,,,,,2104075,2066000,1
SWS Operating Fund,Solid Waste Admin,Capital Equipment,,,,,,467,397600,3
SWS Operating Fund,Solid Waste Admin,Direct Expenses,,,,462644,622484,"790,695.51","805,739.77",3
SWS Operating Fund,Solid Waste Admin,Employee Benefits,,,,"6,520.06","952,859.26","1,188,340.77","1,136,285.13",3
SWS Operating Fund,Solid Waste Admin,Interfund Transfers In/Out,,,,1560,6245137,5115079,5155055,3
SWS Operating Fund,Solid Waste Admin,Miscellaneous,,,,11175,7175,20018,148611,3
SWS Operating Fund,Solid Waste Admin,Other Expense,,,,1237594,619672,259322,508273,3
SWS Operating Fund,Solid Waste Admin,Salaries and Wages,,,,49195,"1,161,943.23","1,329,698.02","1,451,695.98",3
SWS Operating Fund,Solid Waste Admin Total,,,,,"1,768,688.06","9,609,270.49","8,703,620.3","9,603,259.88",2
SWS Operating Fund,Solid Waste Recycling,Capital Equipment,,,,51400,251400,254200,443800,3
SWS Operating Fund,Solid Waste Recycling,Direct Expenses,,,,1359084,1780782,2314015,2461467,3
SWS Operating Fund,Solid Waste Recycling,Employee Benefits,,,,"31,382.57","640,484.89","583,365.39","547,540.23",3
SWS Operating Fund,Solid Waste Recycling,Miscellaneous,,,,53800,53800,92500,3100,3
SWS Operating Fund,Solid Waste Recycling,Other Expense,,,,,,75423,,3
SWS Operating Fund,Solid Waste Recycling,Salaries and Wages,,,,256494,"1,930,263.44","1,766,276.05","1,778,211.02",3
SWS Operating Fund,Solid Waste Recycling Total,,,,,"1,752,160.57","4,656,730.33","5,085,779.44","5,234,118.25",2
SWS Operating Fund,Solid Waste Residential Collec,Capital Equipment,,,,50700,50700,99500,456200,3
SWS Operating Fund,Solid Waste Residential Collec,Direct Expenses,,,,4183232,4940618,6116483,6918771,3
SWS Operating Fund,Solid Waste Residential Collec,Employee Benefits,,,,"56,216.9","1,468,179.81","1,424,687.13","1,546,413.31",3
SWS Operating Fund,Solid Waste Residential Collec,Miscellaneous,,,,4004960,4003213,4000708,4170381,3
SWS Operating Fund,Solid Waste Residential Collec,Other Expense,,,,,,185343,,3
SWS Operating Fund,Solid Waste Residential Collec,Salaries and Wages,,,,473655,"4,664,462.16","4,489,575.94","4,969,782.22",3
SWS Operating Fund,Solid Waste Residential Collec Total,,,,,"8,768,763.9","15,127,172.97","16,316,297.07","18,061,547.53",2
SWS Operating Fund,Solid Waste Yardwaste Ctr,Capital Equipment,,,,,,,,3
SWS Operating Fund,Solid Waste Yardwaste Ctr,Direct Expenses,,,,938548,1251329,1487703,1527760,3
SWS Operating Fund,Solid Waste Yardwaste Ctr,Employee Benefits,,,,"7,068.67","99,177.88","135,319.42","116,728.34",3
SWS Operating Fund,Solid Waste Yardwaste Ctr,Interfund Transfers In/Out,,,,15900,15900,15900,15900,3
SWS Operating Fund,Solid Waste Yardwaste Ctr,Miscellaneous,,,,264400,474200,379200,380150,3
SWS Operating Fund,Solid Waste Yardwaste Ctr,Other Expense,,,,,,14269,,3
SWS Operating Fund,Solid Waste Yardwaste Ctr,Salaries and Wages,,,,92401,"324,026.56","437,903.77",359053,3
SWS Operating Fund,Solid Waste Yardwaste Ctr Total,,,,,"1,318,317.67","2,164,633.44","2,470,295.19","2,399,591.34",2
SWS Operating Fund Total,,,,,,"13,607,930.2","31,557,807.23",32575992,35298517,1
Transit CAMPO Fund,Planning  - CAMPO,Capital Equipment,,,,,,,25000,3
Transit CAMPO Fund,Planning  - CAMPO,Direct Expenses,,,,,,,1926322,3
Transit CAMPO Fund,Planning  - CAMPO,Employee Benefits,,,,,,,"297,517.04",3
Transit CAMPO Fund,Planning  - CAMPO,Interfund Transfers In/Out,,,,,,,100000,3
Transit CAMPO Fund,Planning  - CAMPO,Miscellaneous,,,,,,,39170,3
Transit CAMPO Fund,Planning  - CAMPO,Salaries and Wages,,,,,,,"855,183.96",3
Transit CAMPO Fund,Planning  - CAMPO Total,,,,,,,,3243193,2
Transit CAMPO Fund Total,,,,,,,,,3243193,1
Utility Debt Service Fund,Treasury Office,Capital Project Expense,,,,53242528,50102669,54169585,54727100,3
Utility Debt Service Fund,Treasury Office,Direct Expenses,,,,1487000,1487000,1067000,904000,3
Utility Debt Service Fund,Treasury Office Total,,,,,54729528,51589669,55236585,55631100,2
Utility Debt Service Fund Total,,,,,,54729528,51589669,55236585,55631100,1
Walnut Creek Amph Operating Fd,Walnut Creek Amphitheatre,Direct Expenses,,,,,,228889,122000,3
Walnut Creek Amph Operating Fd,Walnut Creek Amphitheatre,Employee Benefits,,,,,,"24,961.04","33,249.54",3
Walnut Creek Amph Operating Fd,Walnut Creek Amphitheatre,Interfund Transfers In/Out,,,,,,1000000,1000000,3
Walnut Creek Amph Operating Fd,Walnut Creek Amphitheatre,Salaries and Wages,,,,,,"96,343.33","100,567.2",3
Walnut Creek Amph Operating Fd,Walnut Creek Amphitheatre Total,,,,,,,"1,350,193.37","1,255,816.74",2
Walnut Creek Amph Operating Fd Total,,,,,,,,"1,350,193.37","1,255,816.74",1
Water Infrastructure,Non-Departmental,Interfund Transfers In/Out,,,,,,,2888422,3
Water Infrastructure,Non-Departmental Total,,,,,,,,2888422,2
Water Infrastructure Total,,,,,,,,,2888422,1
Watershed Protection Fee Fund,Non-Departmental,Interfund Transfers In/Out,,,,,,,,3
Watershed Protection Fee Fund,Non-Departmental Total,,,,,,,,,2
Watershed Protection Fee Fund Total,,,,,,,,,,1
EXPENSES TOTAL,,,,,,"784,136,708.3","838,364,933.5","880,409,136.9","945,064,909.1",0